{"_step": 0, "_timestamp": 1632856308.8536422, "Learning Rate": 0.001, "_runtime": 5.002070188522339, "n_epochs": 1}
