{"_step": 0, "n_epochs": 1, "Learning Rate": 0.001, "_runtime": 4.978549003601074, "_timestamp": 1632857859.4597564}
