{"_timestamp": 1632843879.1595123, "_step": 0, "n_epochs": 1, "Learning Rate": 0.001, "_runtime": 5.046554327011108}
