{"Learning Rate": 0.001, "_runtime": 5.127982139587402, "n_epochs": 1, "_step": 0, "_timestamp": 1632856139.760286}
