{"_step": 0, "Learning Rate": 0.001, "n_epochs": 1, "_timestamp": 1632843842.22301, "_runtime": 5.160170316696167}
