{"_step": 0, "Learning Rate": 0.001, "n_epochs": 1, "_timestamp": 1632856106.590315, "_runtime": 4.967280626296997}
