{"_runtime": 5.091204404830933, "n_epochs": 1, "_step": 0, "_timestamp": 1632846652.7643838, "Learning Rate": 0.001}
