{"Learning Rate": 0.001, "_step": 0, "n_epochs": 1, "_runtime": 5.049666881561279, "_timestamp": 1632841645.7245405}
