{"_step": 0, "n_epochs": 1, "_timestamp": 1632842992.3073878, "_runtime": 5.062666654586792, "Learning Rate": 0.001}
