{"_timestamp": 1632846716.9463944, "_step": 0, "Learning Rate": 0.001, "n_epochs": 1, "_runtime": 5.027914762496948}
