{"_runtime": 5.039788246154785, "n_epochs": 1, "_timestamp": 1632856500.0741518, "Learning Rate": 0.001, "_step": 0}
