{"_runtime": 5.061007499694824, "Learning Rate": 0.001, "n_epochs": 1, "_step": 0, "_timestamp": 1632856545.7680705}
