{"n_epochs": 1, "Learning Rate": 0.001, "_timestamp": 1632846678.018989, "_runtime": 5.202397108078003, "_step": 0}
