{"_step": 0, "Learning Rate": 0.001, "n_epochs": 1, "_timestamp": 1632856253.9820836, "_runtime": 4.971789360046387}
